{"cameraMode":{"drawMode":0,"name":"Shaded","section":"Shading Mode"},"sceneLighting":true,"audioPlay":false,"sceneViewState":{"m_AlwaysRefresh":false,"showFog":true,"showSkybox":true,"showFlares":true,"showImageEffects":true,"showParticleSystems":true,"showVisualEffectGraphs":true,"m_FxEnabled":true},"in2DMode":false,"pivot":{"x":3.3682241439819338,"y":1.012131929397583,"z":-5.0637617111206059},"rotation":{"x":-0.17589899897575379,"y":0.07286914438009262,"z":-0.013057336211204529,"w":-0.9816269874572754},"size":4.6507391929626469,"orthographic":false}